SECURITY_CODE,SECURITY_NAME_ABBR,REPORT_DATE,TOTAL_ASSETS,FIXED_ASSET,MONETARYFUNDS,MONETARYFUNDS_YOY,ACCOUNTS_RECE,ACCOUNTS_RECE_YOY,INVENTORY,INVENTORY_YOY,TOTAL_LIABILITIES,ACCOUNTS_PAYABLE,ACCOUNTS_PAYABLE_YOY,ADVANCE_RECEIVABLES,ADVANCE_RECEIVABLES_YOY,TOTAL_EQUITY,TOTAL_EQUITY_YOY,TOTAL_ASSETS_YOY,TOTAL_LIAB_YOY,CURRENT_RATIO,DEBT_ASSET_RATIO,PARENT_NETPROFIT,TOTAL_REVENUE,TOTAL_OPERATE_COST,TOTAL_EXPENSE_YOY,TOI_RATIO,OPERATE_COST,OPERATE_EXPENSE,OPERATE_EXPENSE_YOY,SALE_EXPENSE,MANAGE_EXPENSE,FINANCE_EXPENSE,OPERATE_PROFIT,TOTAL_PROFIT,INCOME_TAX,OPERATE_INCOME,INTEREST_NI,INTEREST_NI_RATIO,NETCASH_OPERATE,NETCASH_OPERATE_YOY,SALES_SERVICES,SALES_SERVICES_YOY,PAY_STAFF_CASH,PAY_STAFF_CASH_YOY,NETCASH_INVEST,NETCASH_INVEST_YOY,RECEIVE_INVEST_INCOME,RECEIVE_INVEST_INCOME_YOY,CONSTRUCT_LONG_ASSET,CONSTRUCT_LONG_ASSET_YOY,NETCASH_FINANCE,NETCASH_FINANCE_YOY,BASIC_EPS,DEDUCT_BASIC_EPS,WEIGHTAVG_ROE,OPERATE_INCOME_YOY,NETPROFIT_YOY,BOOK_VALUE_PER_SHARE,NETCASH_OPERATE_PER_SHARE,GROSS_MARGIN,OPERATE_INCOME_MOM,NETPROFIT_MOM,QDATE
651,格力电器,2022-12-31 00:00:00,355024758878.82,33817019391.36,157484332251.39,34.6718630081,14824742623.45,7.1082365005,38314176763.9,-10.4088840988,253148710864.63,32856071488.87,-8.4153638235,,,101876048014.19,-5.6051682777,11.0847235361,19.5943888183,117.9173430378,71.304523004,24506623782.46,190150672542.13,162107253847.61,-0.8650798037,0.2618657823,139784387882.78,139784387882.78,-1.7344269153,11285451112.27,5267999733.62,-2206764591.65,27284097086.18,27217384842.61,4206040489.5,,1080170905.12,,28668435921.27,1590.1175993154,191722692750.88,10634.0516367381,10236422672.26,567.7713248777,-37056832791.41,-2055.3867032833,96017802.71,5.3257037934,6036136315.75,334.7991014892,9922792313.11,550.375567567,4.43,4.33,24.19,0.2618657823,6.26,17.181986051509,5.09081342027,26.035460021,-20.4238,-9.2889,2022Q4
651,格力电器,2023-06-30 00:00:00,398564974815.2,34189077763.57,191653681097.38,41.6102252076,18579527200.43,11.7476398759,37931684024.39,-11.6526170101,288446624374.83,43186021307.8,14.3271760648,,,110118350440.37,8.6491987987,11.7295226977,12.9520489872,122.2062904683,72.3712926628,12673238816.55,99790091594.5,85208961464.03,3.6917729514,4.157890922,70709551519.55,70709551519.55,-1.65248938,8409936159.43,3012067048.47,-1614039498.39,14506599483.4,14496385935.57,2146263709.3,,456066132.75,,30859691934.6,873.0874410324,127928412486.19,3619.3715261193,5631474906.1,159.3266071944,-23975779952.22,-678.3266796572,518539244.92,14.6705969516,2794061386.57,79.0500407865,-3463424629.76,-97.9877749141,2.26,2.15,12.23,4.157890922,10.52,18.699278917436,5.479926923028,28.746600632,79.5848,108.4074,2023Q2
651,格力电器,2023-03-31 00:00:00,384610524157.54,33856872928.07,186305661744.74,44.7196161894,17367184068.95,17.2109519447,40540365977.83,-4.0889827147,277761647135.35,35496412331.99,17.8692259155,,,106848877022.19,5.8034205793,15.2601751658,19.3642411523,125.0012836457,72.2189408997,4109253018.34,35692251272.93,31180864739.2,0.0267065566,0.4435738226,25734998177.34,25734998177.34,-4.3983178217,2606778887.74,1455797198.04,-553290749.45,4544725322.76,4542539591.15,638764976.84,,225424876.78,,15065152965.6,137.5432568264,55960307451.44,510.911701823,2880948358.19,26.3027544983,-6787690019.02,-61.970893603,59480403.7,0.5430498091,1652039470.92,15.0829460381,2725142736.06,24.8802656097,0.73,,4.14,0.4435738226,2.65,18.102325256384,2.675202899325,27.4165805468,-14.6262,-33.7484,2023Q1
651,格力电器,2021-12-31 00:00:00,319598183780.38,31188726142.99,116939298776.87,-14.2756368865,13840898802.76,58.394747776,42765598328.01,53.3943952144,211672732613.87,35875090911.05,13.5120322659,,,107925451166.51,-7.6617031163,14.4619154915,30.3905846521,114.5855224143,66.2308934644,23063732372.62,189654033523.5,163521848332.24,11.8016450127,11.235723276,142251638589.87,142251638589.87,14.5075626647,11581735617.31,4051241003.05,-2260201997.18,26677365292.0,26803237498.57,3971343865.68,,1261821045.25,,1894363258.72,33.0795257975,169646517565.79,2962.381332325,9848593392.99,171.9769414408,29751983559.35,519.5315645762,161515418.96,2.820395425,5727074800.44,100.0066474755,-25330583890.48,-442.3247227869,4.04,3.82,21.34,11.235723276,4.01,17.525098854837,0.320293038294,24.2814230558,5.4,19.8935,2021Q4
651,格力电器,2022-09-30 00:00:00,354794419586.75,31777632962.13,152853137154.53,27.8760702827,13693471262.87,34.123426533,40546895140.34,2.1967380097,253678550763.25,34148762112.84,7.6049605153,,,101115868823.5,7.5404426666,24.0170065903,32.0833849268,117.4441254767,71.5001524147,18304124152.74,148343664696.65,126554142097.7,3.8999524364,6.3022176679,109820090729.7,109820090729.7,4.7903244525,8346734235.44,3982480528.56,-1555893661.7,20440025612.27,20395096232.7,2951925395.94,,786265769.29,,22458621192.42,132.6226161929,144081110540.93,850.8275579434,7541771860.71,44.5356598844,-15795126555.89,-93.273357656,74246929.39,0.4384428561,4612890085.27,27.2400316154,10090458636.42,59.586161211,3.25,,17.94,6.3022176679,17.0,16.996325202029,3.988102123224,25.5401276635,-12.8332,-8.3814,2022Q3
651,格力电器,2022-06-30 00:00:00,356723062259.64,32240186042.9,135338871763.25,0.657365756,16626326266.1,49.5560343082,42934700203.54,31.1849937135,255370864859.24,37774064570.01,7.7765814711,,,101352197400.4,1.3159313996,14.3743371883,20.5403839059,109.4236846328,71.5879885202,11466479632.62,95806559360.19,82175238245.7,0.9015272796,4.1251544916,71897652593.12,71897652593.12,3.5411431744,4917781429.52,2487939427.37,-950578780.88,12690065224.71,12657410975.04,1830619852.43,,532387423.61,,13144260367.59,169.8571409196,91679881084.77,1184.7363066015,5013445051.46,64.7864100972,-13476487783.55,-174.1503607305,21302685.89,0.2752846655,3086395100.46,39.8840431376,7965863809.01,102.9391394962,1.94,1.96,11.09,4.1251544916,21.25,16.117845838434,2.222390594776,24.4949628973,69.6146,86.4245,2022Q2
651,格力电器,2020-12-31 00:00:00,279217923628.27,18990525087.94,136413143859.81,8.7817908922,8738230905.44,2.6416953213,27879505159.39,15.7553418633,162337436540.13,31604659166.88,-24.1308808751,,,116880487088.14,4.3131920069,-1.3267149041,-5.0238931851,134.8023190019,58.1400486153,22175108137.32,170497415702.41,146260681865.34,-14.3289478778,-14.9674167494,124229033680.92,124229033680.92,-13.4288663106,13043241798.27,3603782803.64,-1937504660.07,26043517837.7,26308937428.79,4029695233.52,,1991524564.63,,19238637309.16,895.8527859879,155890384313.86,7259.0814438716,8901277136.77,414.4905792277,97730150.18,4.5508330921,305411730.38,14.2215867547,4528646805.03,210.8777660209,-21111497498.2,-983.0630697079,3.71,3.39,18.88,-14.9674167494,-10.21,19.148165624898,3.198054849747,26.1417233686,-24.3327,15.5359,2020Q4
651,格力电器,2022-03-31 00:00:00,333688998480.47,30762040265.73,128735596908.28,-12.1801759833,14817031839.44,32.3926861515,42268726915.1,28.439057102,232700886340.87,30115080553.3,-7.6952890063,,,100988112139.6,-11.9003899343,8.9842261542,21.4821282401,111.9440478885,69.7358580596,4003315961.3,35534628960.89,31172539627.27,5.7783098202,6.0208883979,26918980493.81,26918980493.81,7.3213443909,1953502393.59,1238443496.63,-566053356.22,4181495783.3,4189374562.95,605838497.69,,256985040.27,,3394256789.15,36.0288398757,34938337935.53,370.8581469227,2330013831.74,24.7322758609,-3296840899.64,-34.9948045324,4110000.0,0.0436262019,1705506674.22,18.1033524243,9287596918.76,98.5845688771,0.68,,3.83,6.0208883979,16.28,16.457236521955,0.573890363817,23.654952362,-29.0797,-46.0394,2022Q1
651,格力电器,2021-09-30 00:00:00,286085295348.89,18654663300.63,119532244630.73,-8.7446776435,10209604404.57,-21.8051069231,39675332040.93,91.946863966,192059395588.56,31735304719.5,-16.0681177652,,,94025899760.33,-19.1799321357,4.3262521736,21.6474478728,118.0415311553,67.1336131954,15644776516.85,139548983973.32,121803849886.45,8.5337533442,9.4775530153,104799838442.59,104799838442.59,8.6287934566,9796095303.13,2956692279.53,-1780188588.31,18393510154.95,18486589062.57,2797239478.17,,904075260.17,,6461831241.56,661.6239645182,131532944183.95,13467.5983854267,7326186002.81,750.1248557532,22393649107.64,2292.8755562872,111310742.57,11.3970563513,4450624543.22,455.6974245827,-27815855233.01,-2848.0527775722,2.71,,15.02,9.4775530153,14.21,15.341059048633,1.074155638377,24.1321311576,-18.7306,2.8939,2021Q3
651,格力电器,2021-06-30 00:00:00,311890823614.08,18710446020.45,134455010566.53,3.7802218804,11117121648.09,5.3960204091,32728362435.51,26.3132630894,211855028650.4,35048490177.02,-17.6138617244,,,100035794963.68,-13.1321603745,10.3249508353,26.4478699243,111.5984270465,67.9260217391,9456819352.86,92010964908.47,81441025186.86,28.7574675636,30.3239594652,69438727822.43,69438727822.43,26.6494885989,6973971937.98,1973764071.66,-1196310467.77,10917169116.57,10975720718.14,1484904290.19,,589411574.41,,-6071219912.21,-105.0739796251,75402896275.55,1304.9901834382,4939102179.61,85.4805342733,5716517863.65,98.9351876916,46691194.25,0.8080797046,3073497925.07,53.1927130011,6142534070.38,106.308206438,1.62,1.5,8.11,30.3239594652,48.64,16.342399512868,-1.009223988795,23.7373446444,74.5233,74.676,2021Q2
651,格力电器,2019-12-31 00:00:00,282972157415.28,19121930757.04,125400715267.64,10.8965250758,8513334545.08,10.5676830099,24084854064.29,20.3549565147,170924500892.2,41656815752.46,6.8469460256,8225707662.42,-15.9959878437,112047656523.08,20.8520788507,12.6328364274,7.82557326,125.8277878006,60.4032928375,24696641368.84,200508333611.34,170723573765.2,0.8243890789,0.2421388798,143499372581.36,143499372581.36,3.8089026457,18309812188.35,3795645600.08,-2426643429.91,29605107122.4,29352707228.7,4525463624.73,,2240891998.2,,27893714093.59,1162.4565308089,166387697953.52,6934.1237772555,8831213736.01,368.0363987366,-11275048600.77,-469.881989798,426919989.41,17.7916762234,4713187965.97,196.4197422254,-19221976120.93,-801.0662044451,4.11,4.02,25.72,0.2421388798,-5.75,18.310921069543,4.636795538112,27.5815391959,-24.8618,-69.1759,2019Q4
651,格力电器,2021-03-31 00:00:00,306181004587.12,18746118013.36,146590588571.22,20.4866766933,11191729898.5,16.9858085982,32909558719.0,23.4681752978,191551539071.55,32625724330.96,-7.1646539234,,,114629465515.57,-0.1992216084,11.2605484839,19.4699455877,131.2131073904,62.5615358895,3442899755.09,33516630069.67,29469689655.89,55.5640456054,60.3000682976,25082597172.62,25082597172.62,49.0481169406,2607456189.71,838504949.81,-693461526.55,3908970107.01,3963278177.21,510702313.8,,294195378.99,,-4265483021.72,-259.693892626,30264761794.64,1842.5987771671,2571440748.02,156.5561166485,-605921069.18,-36.8900779298,32272339.44,1.9648254162,1317087288.78,80.1877590908,6550566229.19,398.8158045174,0.58,,2.95,60.3000682976,120.98,18.772366655173,-0.709054827788,24.4258981324,-22.1074,-59.3825,2021Q1
651,格力电器,2020-09-30 00:00:00,274221770061.11,18734023421.39,130986600610.21,-3.8512169172,13056612782.28,56.8161490186,20669955851.93,5.8647490184,157881976931.77,37810786407.39,-16.0692775848,,,116339793129.34,13.6482845322,-6.0358111443,-16.6709843156,133.1929156059,57.5745597793,13698722043.15,127468124861.97,112226700112.51,-14.1366327799,-18.6423676585,96475193277.78,96475193277.78,-10.8978554924,10132883904.2,2509140088.53,-1505802184.24,16177355968.87,16443237205.9,2651469550.47,,1554175183.43,,3032000101.54,426.3608001388,98362600415.57,13831.7795555528,6528512551.04,918.0414715566,13046924740.44,1834.6626271085,248947320.53,35.0070498743,3427311410.01,481.9495996568,-16470465636.59,-2316.0820159301,2.28,,11.74,-18.6423676585,-38.06,19.075329063459,0.504011925239,23.3651154553,14.4353,52.7143,2020Q3
651,格力电器,2020-06-30 00:00:00,282701982872.11,19177411773.4,129557451439.51,6.9837409841,10547952005.15,-3.850554928,25910471818.27,28.3924050038,167543374813.08,42541732032.35,-11.3275916193,,,115158608059.03,22.540783828,-0.1589521735,-11.4353343746,126.1251237768,59.2650157989,6362137377.64,70601726103.23,63251496575.65,-23.0143276857,-28.2072861354,54827483782.69,54827483782.69,-18.305140573,5251499766.51,1522385044.11,-1180757815.59,7581755754.57,7695742192.17,1270470387.0,,1081124059.92,,-4517675737.76,-153.4046580376,55709211097.51,1891.6923157034,4223083761.78,143.401332443,7789731713.59,264.5123729754,154859498.45,5.2584934782,2297960481.37,78.0307977578,-6221151384.6,-211.2488049503,1.06,1.0,5.57,-28.2072861354,-53.73,18.885917931447,-0.75097703494,21.1141701268,137.667,208.3493,2020Q2
651,格力电器,2018-12-31 00:00:00,251234157276.81,18385761475.54,113079030368.11,13.5206526604,7699658990.16,32.4218773595,20011518230.53,20.7816206058,158519445549.35,38987371471.02,12.8339065423,9792041417.16,-30.7642300812,92714711727.46,38.6809065294,16.8596692888,7.0114220677,126.6509323619,63.0962952122,26202787681.42,200023997743.87,169327655069.32,35.9975649569,33.3319527987,138234167710.13,138234167710.13,38.8410241199,18899578046.25,4365850083.19,-948201396.74,30996884691.88,31273507724.25,4894477907.19,,1853945877.53,,26940791542.98,363.4505878287,135029126382.98,1821.6396975415,8575412582.19,115.688462193,-21845765275.67,-294.7150316034,579489614.76,7.8177302545,3837549166.56,51.7712888347,2513846482.17,33.9135908534,4.36,4.25,33.36,33.3319527987,16.9742032357,15.181379772671,4.478390421604,30.2281692815,-13.9053,-38.8329,2018Q4
651,格力电器,2020-03-31 00:00:00,275192787344.03,18838506050.87,121665392883.49,7.3949014363,9566741498.48,-14.1264389695,26654284506.61,25.640326382,160334499299.66,35143644861.33,,,,114858288044.37,21.0264260642,4.4792177716,-4.8410721952,127.3336440855,58.2626095862,1558013539.01,20908681091.42,18943766563.28,-45.4857388878,-49.0108272302,16828523357.07,16828523357.07,-40.2062926984,906778619.71,643396348.9,-497507618.93,1825935290.33,1896173035.37,318319509.48,,502984083.06,,-11772862523.8,-131.6865055969,25994996161.64,290.7695728725,2178846362.21,24.3716991591,2907869872.86,32.526262964,97197000.0,1.0872065531,1118477443.23,12.5108388712,-87905348.78,-0.9832738793,0.26,,1.39,-49.0108272302,-72.53,18.774733894293,-1.957012832282,17.4891798341,-52.2982,-39.5919,2020Q1
651,格力电器,2019-09-30 00:00:00,291836468127.42,18608127487.25,136233238123.68,30.6545555398,8326063906.04,26.1001368276,19524871162.1,67.4164565128,189468189003.61,45049995185.72,,11351165795.84,-16.0699857837,102368279123.81,16.2627832645,17.9028536295,18.8083733528,125.8002468334,64.9227254631,22117496367.02,156676295995.05,130703819039.37,4.4845615017,4.416031726,108274827515.07,108274827515.07,4.2498013634,15163358843.16,2896173552.62,-1567343162.46,26319997829.55,26645694863.8,4428026909.03,,1548377190.66,,32729686129.95,195.570175448,145602414727.35,870.0202525872,6568574320.05,39.249298851,-2694642357.25,-16.1013361535,393780871.69,2.3529646407,3201826493.97,19.1319209935,-13687324028.79,-81.786068803,3.68,,23.02,4.416031726,4.7307510212,16.754797484034,5.440683234292,30.1627350284,1.7446,3.5772,2019Q3
651,格力电器,2019-06-30 00:00:00,283152059224.48,18281196481.93,121100131896.47,18.7891130188,10970372213.02,13.8374891084,20180688894.72,53.8703208735,189176319506.16,47976290267.98,32.4221141086,3093939348.25,49.0425458608,93975739718.32,17.9953191013,29.2537738288,35.685016225,121.6291945951,66.8108577505,13750194088.89,98341074327.32,82160088590.85,7.0372143867,6.8870213427,67112526011.11,67112526011.11,5.4248114537,10412729737.41,1866258932.25,-1117556655.79,16393986037.98,16413267901.73,2597558274.32,,992609177.35,,16456067246.95,177.5829048997,86074986072.98,928.863855298,4359321673.78,47.042892728,5311482.6,0.0573179785,243297667.63,2.6255061993,1798684915.51,19.4102082534,-7355798608.01,-79.3788737652,2.29,2.23,14.95,6.8870213427,7.3713794208,15.366659349769,2.735505889589,31.0230011081,39.8205,42.4279,2019Q2
651,格力电器,2019-03-31 00:00:00,263394762339.76,18132280114.06,113287866794.74,7.7133079898,11140497009.42,30.2931308435,21214752678.66,40.5442895422,168491284000.69,,,10235038693.78,-17.3450392452,94903478339.07,31.4704131355,20.621519404,15.2640936926,125.8955490995,63.9691095237,5671869041.09,41006119447.79,34750111579.57,2.7309074265,2.4500640658,28144305005.54,28144305005.54,2.8900539048,4170807284.37,884263085.25,-22997950.63,6606519497.26,6611809758.39,914111682.78,,424817013.14,,7733213419.06,3284.3729183179,43448029583.55,18452.8117854313,2182323767.5,926.8546841488,-1652392758.94,-701.7876959804,159888926.01,67.9064226046,835064678.63,354.6603031511,-5915764374.27,-2512.4841704374,0.94,,6.14,2.4500640658,1.6168168627,15.540919877829,1.285498566324,30.5895927617,-17.945,11.5554,2019Q1
651,格力电器,2017-12-31 00:00:00,214987907124.7,17482114255.7,99610976256.82,4.0283722413,5814491641.18,105.8745701479,16568347179.12,83.5847218292,148133201565.19,34552886331.56,16.9645490277,14143038242.58,41.121530675,66854705559.51,21.6598425469,17.8720709402,16.2541737128,116.3151890225,68.9030390343,22400484001.26,150019551611.75,124700268935.28,36.3073667858,36.2413274088,99562912753.17,99562912753.17,36.6015460531,16660268494.07,2454003340.08,431279988.49,26125705743.33,26615728682.32,4108221841.91,,1535915589.33,,16338082774.25,32.7011860115,107599120105.06,215.3630196299,7685286474.16,15.382342348,-62253457968.76,-124.6022521138,152095873.45,0.3044246695,2424806990.73,4.8533273788,-2248341168.81,-4.5001254917,3.72,3.52,37.44,36.2413274088,44.8662593169,10.90722228084,2.715893231527,32.8577137378,-9.5533,15.5227,2017Q4
651,格力电器,2018-09-30 00:00:00,247522819968.7,17329055459.76,104269795692.01,11.6627259722,6602739787.21,37.178277307,11662456349.15,-11.0950355069,159473767426.28,,,13524560792.51,-52.0193174972,88049052542.42,47.3860534289,12.1414361798,-0.9377315788,124.4447638042,64.4279050499,21118435752.02,150050038682.05,125093905894.67,33.9439313189,33.9414715028,103860943713.14,103860943713.14,36.4978302487,12896129767.19,2777048435.36,-696385433.92,24946935082.74,25162849406.23,3921842764.89,,1311003455.08,,15073756134.98,93.1457193964,85186180027.74,526.3935511671,6424774271.19,39.7008029114,-5045832748.65,-31.1798676533,518175013.06,3.2019746062,2593147650.74,16.0239160874,6554363362.8,40.5015767236,3.51,,27.76,33.9414715028,36.5942263376,14.409786151145,2.50572315163,30.1534010402,11.6703,15.055,2018Q3
651,格力电器,2018-06-30 00:00:00,219066763651.75,17152475198.79,101945480371.83,-3.2020235368,9636871209.07,28.1412544619,13115387542.03,-1.6433627981,139423146909.94,36229817497.57,14.9900239804,2075876609.85,-67.0213391275,79643616741.81,48.7177121642,7.0822027709,-7.6818143506,123.6558734031,63.6441350508,12806200463.35,92004691581.78,76758433094.14,30.0317203873,31.3964955526,63659137811.79,63659137811.79,35.1893948163,8030574146.17,1759932865.29,-315273048.37,15104297614.96,15304327149.24,2418987654.33,,997661929.35,,8939161969.02,62.1423119234,53445975512.82,371.5400272286,4348989410.2,30.2328403285,5029287680.5,34.9620652224,105004574.74,0.7299595935,1247679632.37,8.6734860789,598645739.44,4.1616015462,2.13,2.1,17.8,31.3964955526,35.4797470394,13.019787775742,1.485964407369,30.0265260771,29.8654,29.435,2018Q2
651,格力电器,2016-12-31 00:00:00,182373990389.46,17681655478.06,95753662304.52,7.8066645684,2824288418.43,-1.9075945559,9024905239.41,-4.7397106646,127421835134.36,29541332496.72,19.1458124633,10021885515.93,31.5277454212,54952155255.1,13.1480184929,12.7841325487,12.6531568978,112.6628312208,69.868425241,15463625768.05,110113101850.23,91483546050.46,6.2631859539,9.4950530306,72885641217.0,72885641217.0,10.4037606512,16477265963.04,5485919007.51,-4845422380.26,17503625548.31,18573073429.84,3006619752.24,,1716264189.37,,14859952106.92,245.8768348968,69896621293.21,1156.5286274076,5657046182.44,93.6030345317,-19246552694.1,-318.4587288742,264728491.86,4.3802700855,3276936026.68,54.2210804316,-5751560185.45,-95.1668890951,2.57,2.59,30.44,9.4950530306,23.0483570945,8.971842142582,2.470182328346,32.7018330366,-21.7851,-13.1497,2016Q4
651,格力电器,2018-03-31 00:00:00,218364653041.37,17488154262.39,105175366822.32,-3.7473874557,8550333342.44,40.0476820263,15094709822.62,12.4588287371,146178465993.13,31761438435.5,3.0681300253,12382848652.17,-7.3252654598,72186187048.24,22.4591645307,9.8610582467,4.5496781891,117.8869142125,66.9423663387,5581624396.63,40025469795.17,34022261830.85,32.3605146354,33.2615856273,27353766411.25,27353766411.25,40.419866545,4350501611.93,789628299.67,-111580502.72,6333159414.05,6387866861.07,781291041.05,,441382175.88,,14359650413.41,174.6240548923,33712567979.88,409.9699611059,2381133791.7,28.956362166,-5387881077.92,-65.5206508527,65715342.47,0.7991475586,712091541.49,8.6595640457,-483425333.05,-5.8788124686,0.93,,8.18,33.2615856273,39.0353381294,11.789241169149,2.387016757336,30.8577538275,5.3496,-19.5832,2018Q1
651,格力电器,2017-09-30 00:00:00,220723782752.19,17277720521.72,93379231775.14,-3.9641107897,4813254632.46,36.6137395164,13117891015.03,160.9461852771,160983359222.29,33760114470.1,16.0282646755,28187512321.7,140.0636151093,59740423529.9,17.4519975467,21.472047608,23.034786008,108.8512155561,72.9343060431,15460708932.03,112026571754.41,93574300472.86,34.1874317364,33.7299210705,76089812947.14,76089812947.14,40.1187341802,11865410965.3,1910072577.67,-277013002.54,18001155949.45,18262944144.72,2729922003.78,,1123464513.54,,5738901125.97,82.8610357663,83029092865.77,1198.8142821384,5745856623.35,82.9614626084,-7745095054.47,-111.8274359908,119680132.84,1.7279997599,1743570123.98,25.1745104564,-3230095352.91,-46.6376821435,2.57,,25.1,33.7299210705,37.6848102132,9.745100207169,0.953982357648,31.3731378274,5.0531,10.487,2017Q3
651,格力电器,2017-06-30 00:00:00,204578125947.28,17254049224.05,105317780491.57,5.9307612656,7520506373.64,27.2178965692,13334522117.82,139.8014657549,151024574334.1,31506922290.72,28.9024870076,6294605526.51,36.4762650523,53553551613.18,16.4174696896,18.8780055037,19.7756840636,105.4547120005,73.8224449143,9452483299.68,70020658614.1,59276586202.48,42.4234455654,39.7860501062,47088854786.51,47088854786.51,48.8853936134,8534324179.54,2885516176.39,-191861526.82,11135106448.35,11187695504.63,1684326860.84,,814250370.25,,3637139726.23,69.7637619778,52320397983.39,1003.5544593386,3808415571.71,73.0489938402,-7436252960.18,-142.6343282275,62102998.47,1.1911939407,1076977960.14,20.6574505578,9846047760.79,188.8564597758,1.57,1.5,16.14,39.7860501062,47.63807282,8.720173217558,0.604604793664,31.9372979446,33.1282,35.4564,2017Q2
651,格力电器,2017-03-31 00:00:00,198764381598.2,17430426167.56,109270142432.62,13.487878355,6105301579.24,16.6213232098,13422432006.57,151.2603397666,139817231889.25,30815964573.82,32.5608790188,13361623007.18,-2.6173195782,58947149708.95,13.8983427945,15.3737558681,16.0073099437,111.0642336746,70.3432027233,4014536499.66,30035264556.37,25704238098.92,20.3548624522,19.6719951424,19479983199.16,19479983199.16,18.4383043429,4440423064.52,1386308422.62,-68719543.61,4720003836.0,4742264510.21,705896166.28,,347217310.04,,8778142229.81,78.5224820075,31072266782.51,277.9485049897,1843477157.51,16.4903231393,-2982261948.27,-26.6770125209,31164109.58,0.2787700597,611213065.68,5.4674401139,5691093115.46,50.9081244143,0.67,,7.19,19.6719951424,27.049686776,9.619208728202,1.459197960785,34.3699601645,14.019,-4.2312,2017Q1
651,格力电器,2015-12-31 00:00:00,161698016315.06,15431813077.2,88819798560.53,62.8356438634,2879212111.93,8.1862467305,9473942712.51,10.17367876,113131407737.14,24794268372.47,-7.4320987148,7619598042.86,18.5427375102,48566608577.92,7.6114494235,3.4993500893,1.8289104035,107.3910058079,69.9646231384,12532442817.66,100564453646.56,86134609086.8,-30.1189987178,-28.171014851,66017353745.09,66017353745.09,-24.9991388626,15506341694.21,5048746635.48,-1928797250.18,13516176980.54,14909419462.03,2285686841.81,,2163863080.53,,44378381827.68,131.0699584642,110918320884.07,327.5932810629,5590514442.03,16.511383821,-4713154864.48,-13.9201337877,84643291.79,0.2499909254,2884513074.71,8.5193058719,-7683022005.06,-22.6915298307,2.08,2.05,27.24,-28.171014851,-11.4638307369,7.899518288885,7.377055710716,32.4597052701,-47.3274,-39.042,2015Q4
651,格力电器,2016-09-30 00:00:00,181707468589.44,16724391378.63,97233682681.51,15.7013407516,3523258092.12,18.0975044637,5027048393.56,-24.9227501662,130843775525.24,29096457285.22,15.1114795195,11741684515.11,-23.3624870556,50863693064.2,10.677075347,6.7043601182,5.2359455285,106.9099743014,72.0079238024,11229059260.85,83770760393.52,69734027443.55,-3.1466354479,0.1143059004,54303811258.57,54303811258.57,-1.8590411414,14067453021.93,4082608732.87,-3484545162.04,12908803513.86,13475868146.51,2172802794.08,,1259399303.89,,14162263636.57,141.8418659552,55003641283.45,550.8878604566,4019108956.5,40.2533047327,-1629398414.16,-16.31920697,136580156.02,1.3679157993,2201375290.07,22.0478298402,-5150141793.15,-51.5811413076,1.87,,21.13,0.1143059004,12.8240080992,8.269163274774,2.354204987521,34.1202715137,34.7538,48.8469,2016Q3
651,格力电器,2016-06-30 00:00:00,172090812829.85,16765105244.3,99421338271.59,14.4524031355,5911516049.59,15.5696663409,5560650797.46,-42.4781329975,126089511001.22,24442447172.39,-13.7309904716,4612234606.58,-19.5339296462,46001301828.63,9.2304473311,4.9493035567,3.4697836808,100.8009117943,73.2691704617,6402469985.64,50091306364.92,41619963600.21,-8.3619670696,-2.9432835518,31627585247.74,31627585247.74,-12.2319488062,9433638098.96,2813910696.54,-2969987487.64,7268464405.29,7747232728.3,1300620113.83,,845168604.33,,11454870917.79,94.5485282416,37707360305.73,311.2366299341,2669562569.12,22.0345749656,-1783279923.22,-14.7191961737,70615804.41,0.5828629956,1550266002.52,12.7958987904,147633579.5,1.2185678705,1.06,1.17,12.62,-2.9432835518,11.9165472592,7.465849037507,1.904152820347,35.6938353709,-0.4171,2.6216,2016Q2
651,格力电器,2016-03-31 00:00:00,172278678199.15,15645265521.69,96283536194.74,21.2008453506,5235150323.46,34.5979401319,5342041652.51,-12.2780208529,120524501393.15,23246650747.88,-9.436736449,13720738584.43,58.3036148378,51754176806.0,7.9856298452,5.9462677928,5.0939994644,107.2469220834,69.9590353566,3159816132.99,25097989317.08,21357041647.68,-2.3484853092,0.0173647391,16447367519.51,16447367519.51,-0.9773678987,4429034624.25,1219544971.96,-1087219105.48,3622744937.43,3800625164.09,624228422.05,,410418087.28,,6117619903.98,88.9331860211,21908042469.97,318.4820317248,1386086838.25,20.1498492162,-228067688.3,-3.3154701448,46484468.8,0.6757549465,883845941.04,12.8486628333,154745628.84,2.2495712404,0.53,,6.43,0.0173647391,13.8525330939,8.426696270197,1.016937098425,33.2511505691,48.6026,22.4867,2016Q1
651,格力电器,2014-12-31 00:00:00,156230948479.88,14939279647.88,54545673449.14,41.5238441133,2661347628.69,43.9130002499,8599098095.97,-34.4717309816,111099497469.7,26784952481.63,-2.3676112573,6427722358.11,-46.3750228229,45131451010.18,27.5845669462,16.8350215937,12.9685337718,110.8452043706,71.11234909,14155167229.36,140005393975.58,123258979560.09,12.5770341709,16.6293014409,88022127671.48,88022127671.48,9.4994073164,28889995658.43,4818168572.74,-942244684.38,16089227281.02,16752430685.78,2499475873.82,,1544286966.53,,18939165507.73,132.9317231599,85534451083.44,600.3560171338,5730237588.82,40.2198479382,-2862137892.25,-20.0890013756,44701122.29,0.3137517971,1777308642.2,12.4747154408,-1864313851.65,-13.0853945339,2.35,4.7,35.23,16.6293014409,30.2215112524,14.679065842573,6.296546800985,36.100255058,-2.6845,5.3104,2014Q4
651,格力电器,2015-09-30 00:00:00,170290575181.9,15195532037.12,84038509882.34,44.1705203105,2983346776.14,18.595159417,6695834496.72,-38.1875052615,124333729191.21,25276764234.71,-13.9038529844,15321066751.77,-5.7417017748,45956845990.69,12.7150488045,6.762655565,4.7185903187,105.03916672,73.0126896679,9952721455.33,83675114800.17,71999592131.95,-17.9008661969,-16.341031885,55332464538.9,55332464538.9,-12.7806928753,13373420047.25,3597077658.06,-1393758064.17,11477487498.76,11950785138.96,1927649997.37,,1604805641.4,,36975365004.12,119.9382195846,81078300926.34,262.9963776955,4335457473.07,14.0630674057,-3343908504.84,-10.8467470836,74783843.26,0.2425788363,2143062646.17,6.9515234863,-4003134159.33,-12.985099235,1.65,,21.65,-16.341031885,1.2737130142,7.469381134064,6.146446001988,32.1264467323,20.9229,43.6808,2015Q3
651,格力电器,2015-06-30 00:00:00,163975183253.08,15092077571.39,86866973124.1,50.2947016962,5115110423.66,0.2190273227,9667020712.69,-22.5821471072,121861191273.16,28332824621.5,5.5676462391,5731899900.54,167.4643072232,42113991979.92,14.7537479273,25.9356202595,30.3243015954,103.2759920907,74.3168501816,5720753670.87,51610345165.17,45417783718.5,-11.2338809128,-12.4211992206,36035419287.01,36035419287.01,-6.770022826,6341487172.08,2358797380.44,-239477195.07,6589347501.57,6823297785.54,1055369151.15,,1077873495.44,,29756239827.35,88.6255005892,63189097310.96,188.2013793898,3098361759.67,9.2281102569,-2710272533.36,-8.0722316192,36453441.76,0.1085723379,1580582032.48,4.7075798106,6582180757.5,19.6042600808,0.95,1.73,12.1,-12.4211992206,0.045482535,13.669103885727,9.89280951253,28.0890660032,5.6711,6.1266,2015Q2
651,格力电器,2015-03-31 00:00:00,162609482889.96,14989245156.68,79441307456.42,30.3298333139,3889472839.13,39.2163864743,6089741367.5,-54.7390605773,114682571799.85,25668963149.48,3.2569582847,8667356458.34,-24.8937449151,47926911090.11,27.2718672962,18.9499587545,15.7860157725,109.7964112012,70.5263738385,2775358656.61,25093631873.37,21870671146.58,2.7376418658,0.3338143007,16609705448.63,16609705448.63,3.5992411462,3820858358.26,1189523439.35,-219586313.18,3313533613.11,3354475535.83,564570482.49,,391070131.78,,23158828378.12,96.9856449983,40691935553.34,170.411626678,1626674424.07,6.812264664,-1483857207.26,-6.2141679182,19901506.85,0.0833444787,1038188601.46,4.3477756948,2146498761.14,8.9892097924,0.46,,5.55,0.3338143007,23.0941704808,15.603749823142,7.699423012028,32.2160743904,-37.2441,-35.8687,2015Q1
651,格力电器,2013-12-31 00:00:00,133719278987.4,14034138414.45,38541684470.83,33.1598560429,1849275342.79,25.3853978241,13122730425.78,-23.8601797585,98345524864.62,27434494665.72,21.0433735193,11986433741.28,-27.9233184012,35373754122.78,28.2577769292,24.2966967153,22.8147034287,107.5032944467,73.5462572109,10870068311.47,120043070005.5,109488565290.3,18.6087086845,19.9110373433,80385939822.61,80385939822.61,9.8122410286,22508931701.7,5086262055.73,-133358976.73,12262405567.93,12891319414.32,1956168768.13,,-491963953.22,,12969837129.83,164.4103983379,70211403596.83,890.0254272794,4963951119.32,62.924859633,-2185987355.41,-27.7103751009,76758128.27,0.9730141033,2461467222.38,31.2024586335,-2423977154.71,-30.7272208262,3.61,2.96,35.77,19.9110373433,47.3057498013,11.466565725658,4.31197385417,33.0357514025,-11.3025,-7.6157,2013Q4
651,格力电器,2014-09-30 00:00:00,159503877344.36,14462518057.5,58291049863.26,31.835221378,2515572128.58,20.61806479,10832493535.56,15.3606098439,118731286214.67,29358763557.82,17.503100465,16254342631.1,-21.9343046121,40772591129.69,26.7047503764,23.1827087523,22.0179700097,108.9057608713,74.4378683399,9827546713.86,100019300602.84,87698357822.66,8.2574030874,12.6858681957,63440614656.3,63440614656.3,2.6316044253,20153196717.09,3739011202.3,-893089582.06,11713826333.26,11930710027.22,2025433466.61,,1113884434.6,,21868143192.08,114.6354946329,69371449820.2,363.6536670575,4261624947.84,22.3399618131,-1162972852.47,-6.0964466446,28250801.78,0.1480941755,1408875555.53,7.3854988403,-1795546901.79,-9.4124775668,1.63,,25.91,12.6858681957,29.6733171104,13.244822401867,7.270319645466,35.534423183,21.1353,18.6489,2014Q3
651,格力电器,2014-06-30 00:00:00,130205562902.09,14441224449.82,57797761427.19,31.2864084544,5103931419.32,39.8001668366,12486810666.36,-13.8277349677,93506114961.98,26838549149.18,11.0472117822,2143052267.44,-70.2395606899,36699447940.11,28.6709419002,17.9309547861,14.190096649,108.3006464537,71.8142242757,5718152909.97,58930180255.83,51165674680.33,3.5473783462,10.1718069287,38652180746.29,38652180746.29,0.9359693413,9893560081.62,2340121403.32,-671624638.22,6807483101.33,6982152868.94,1209240236.72,,726821918.15,,19305412058.75,109.8652540421,52042997945.22,296.1717249529,2957571160.45,16.8312546711,-675094768.59,-3.8418997755,16906380.61,0.0962125955,754662948.18,4.2947146772,-1237640464.07,-7.0432935378,1.9,2.12,15.27,10.1718069287,42.4075541441,11.898141636571,6.418309744989,33.2037406566,35.6251,53.6145,2014Q2
651,格力电器,2014-03-31 00:00:00,136704110360.89,14032975105.53,60954046695.58,30.0355121904,2793832635.39,22.1615918353,13454739219.24,-9.6971671857,99046997199.68,24859305925.62,14.2972980733,11540125983.57,-36.5989036886,37657113161.21,30.3069885539,20.8448421353,17.5982442351,108.0725592503,72.453561885,2254662950.95,25010144434.62,21287885091.96,1.1284945554,12.188048413,16032651653.49,16032651653.49,3.0922080198,4234040988.22,1068951921.28,-400586448.21,2832153854.17,2884579063.36,609395821.85,,246468058.62,,21119688977.99,100.1325185108,35868693662.36,170.0603941586,1467557936.59,6.9579752052,-237996549.69,-1.1283875412,16646444.43,0.0789240034,440168275.09,2.0869226814,62490047.25,0.2962773656,0.75,,6.33,12.188048413,68.8638926675,12.218545283428,7.021487299316,35.0031648204,-20.0537,-31.5104,2014Q1
651,格力电器,2012-12-31 00:00:00,107566899919.95,12700394289.32,28943921701.45,80.4392805014,1474872971.56,20.2217521177,17235042562.7,-1.5315267836,79986697791.3,22665011613.66,44.9506589582,16630113200.83,-15.808378214,27580202128.65,50.0787407795,26.2350516037,19.6788634611,107.937659662,74.359954457,7379666345.09,100110108848.26,92310191516.72,16.8358090376,19.8675793204,73203077425.32,73203077425.32,7.4428367242,14626228488.1,4055809619.26,-461347589.66,8026307883.07,8762709272.27,1316781289.57,,563088528.25,,18408746271.56,122.4664979271,70077120666.33,466.1968515519,4486362315.68,29.8460890888,-4212523966.37,-28.0243450578,47292902.09,0.3146219743,3602409280.98,23.9654804425,815216460.3,5.4233299472,2.47,2.34,31.38,19.8675793204,40.9156550587,8.891067418781,6.120202730106,26.2929107455,-20.497,-16.8039,2012Q4
651,格力电器,2013-09-30 00:00:00,129485606348.48,13663498760.38,44215080957.86,35.1421160065,2085568304.35,14.4178138379,9390114658.91,-22.00559696,97306393644.48,24985522459.95,16.2295438854,20821364045.16,-8.2871521768,32179212704.0,26.0688190003,19.441882273,17.4010322418,104.9978339102,75.1484249011,7578696167.3,88759400095.42,81009118287.52,13.2939832746,15.0261222949,61813916884.13,61813916884.13,7.3421122727,14825389224.8,3452576032.82,-134901911.15,8852391976.81,9250422362.77,1613300326.5,,635587493.35,,19620489787.97,127.4906917605,62804540910.67,408.0935008724,3695137434.09,24.0103908064,-1819416783.19,-11.8222688015,476759841.21,3.0979064547,1893152916.63,12.3013939793,-2103339142.37,-13.6671492489,2.52,,25.97,15.0261222949,42.1313222911,10.406085543413,6.523061016484,29.605553675,13.0585,32.9535,2013Q3
651,格力电器,2013-06-30 00:00:00,110408300465.5,13482210639.2,44024177451.13,28.5134202934,3650876486.64,30.2022696582,14490521586.83,3.3121585577,81886361169.69,24168593446.38,28.9798596108,7201010190.43,-17.7302772439,28521939295.81,24.0109742591,28.0712428905,29.548632224,103.5630255093,74.1668523331,4015343809.77,53489347137.58,49412825543.55,9.7807248643,10.736397405,38293762866.25,38293762866.25,3.5887539506,8446583764.77,2041675882.89,-58564927.59,4711539302.49,4982301659.2,937158674.62,,397845156.75,,15751945357.16,120.7854988338,46495191802.51,356.5238964397,2581168290.84,19.7923299322,-1800455421.97,-13.8058443792,152769766.88,1.1714345169,1551762969.85,11.8988772584,-679922791.02,-5.2136299117,1.33,1.08,14.25,10.736397405,39.8519111768,9.199196982934,5.236918232086,27.6051256185,39.9373,100.7308,2013Q2
651,格力电器,2011-12-31 00:00:00,85211594207.3,7709137076.07,16040809751.08,5.7673406625,1226793775.32,2.3244883957,17503107339.56,51.4218702342,66834439664.69,15636363281.52,13.3487516636,19752693733.7,64.5206293927,18377154542.61,31.1557038783,29.8870542527,29.5425101843,111.7810244441,78.4335046028,5236938608.43,83517252467.96,79008475464.06,35.7725005666,37.3475413439,68132115324.93,68132115324.93,43.7107859507,8050408236.13,2783266091.12,-452707594.56,4542306424.2,6328560425.48,1031219882.41,,343880890.52,,3356159992.13,902.952528092,52754640187.86,14193.2851347716,3845593704.56,1034.6314137853,-2767272507.87,-744.5162664355,220221644.48,59.2491690176,4777743528.52,1285.4201253125,-794600707.98,-213.7820365467,1.86,1.81,34.0,37.3475413439,22.4808130329,6.24824731432,1.191019337484,18.0665906474,-18.4296,-6.4304,2011Q4
651,格力电器,2013-03-31 00:00:00,113123661668.4,12989744945.9,46874923371.95,27.5464553364,2286997568.89,19.1914207812,14899576015.41,1.9275688265,84224894549.99,21749688176.95,51.7571357368,18201776712.01,9.6624243772,28898767118.41,26.6867989694,33.4462109907,35.9347642194,106.8299073189,74.4538262887,1335195414.09,22293055979.14,21050333227.6,12.3257432646,10.9763893601,15551758917.04,15551758917.04,0.39991631,4482447030.82,892155762.4,-98039995.18,1482966861.4,1596509451.98,252478693.86,,118516769.55,,16013953716.23,122.0758824098,31258525162.93,238.2866910766,1338014329.74,10.1998096706,-1544331399.65,-11.7725841904,16619628.38,0.1266929976,1209084667.73,9.216966674,-1329425444.58,-10.1343357875,0.45,,4.88,10.9763893601,13.765052248,9.326540647017,5.324025971572,29.6273855443,-2.8437,-34.7886,2013Q1
651,格力电器,2012-09-30 00:00:00,108408879602.61,11835779430.7,32717469775.09,64.3274234966,1822765384.51,-10.3331872142,12039472440.22,-7.0880274789,82883763273.94,21496705247.84,37.9394487093,22702777788.89,-1.0392206256,25525116328.67,51.4765708782,24.7252989145,18.2917346937,107.253982928,76.4547734261,5332178752.11,77164559079.8,71503460242.14,16.9152680249,20.4292243337,57585895763.91,57585895763.91,9.2234768145,11099387914.32,2577156223.8,-305847507.62,5675910233.77,6371177192.3,986843609.36,,450454670.56,,18378149264.69,120.9923940797,57141770671.92,376.1923758465,3404980978.37,22.4166641828,-3232812428.59,-21.2831939556,38135462.32,0.2510645016,2832610132.27,18.6484654391,-54006614.85,-0.3555521034,1.79,,23.51,20.4292243337,41.3415055201,8.21,6.11,24.8141076424,2.2897,44.9805,2012Q3
651,格力电器,2012-06-30 00:00:00,86208502372.32,8838043358.73,34256482591.95,48.1748593156,2804003721.46,-0.7566130981,14025959566.74,14.2476599187,63208973930.42,18738269307.56,20.7482672395,8752928719.33,33.7275551096,22999528441.9,49.5087574382,30.1013305632,24.2334655073,110.8787453057,73.3210439702,2871139747.74,48303311640.12,45010474839.4,16.3309683828,20.0404237308,36967104445.05,36967104445.05,9.2158180639,6058138901.41,1661649490.97,-73332097.55,3263526873.81,3412504975.16,510408304.26,,324261154.28,,15661247111.85,102.4261351555,43414082886.68,283.9324793005,2340356718.68,15.3061689065,-2328609462.78,-15.2293406685,38135462.32,0.2494097686,1951536603.5,12.7632461504,1975076286.77,12.9171980524,0.96,0.93,13.21,20.0404237308,30.0615997811,7.379991921437,5.206764540988,22.8621616365,40.4573,44.6349,2012Q2
651,格力电器,2012-03-31 00:00:00,84770980628.53,7977870226.62,36751255257.02,54.0615924489,1918760221.08,-8.5670118326,14617807710.86,28.254865991,61959790075.52,14331904770.97,17.0600558597,16598006851.83,109.8345079007,22811190553.01,52.4281285888,38.8495559018,34.4403866383,114.3910182369,73.0908025555,1173642861.06,20088107125.92,18740435287.41,12.4853067978,16.2904602337,15489812629.95,15489812629.95,7.7098993525,2428420603.22,774099188.66,-79848054.55,1354764974.54,1449320751.46,257813832.1,,100430919.37,,18627580179.85,96.6269081018,32134951209.81,166.6937383936,1275573549.97,6.6167868827,-1295447994.34,-6.7198816535,34540110.72,0.1791700303,960425045.95,4.9820160084,1945282636.4,10.0907710355,0.39,,5.48,16.2904602337,25.5603870786,7.321791932578,6.192956619111,22.4915717402,3.3199,-19.8544,2012Q1
651,格力电器,2010-12-31 00:00:00,65604378124.94,5527979897.22,15166127512.15,-33.7863718594,1198924905.03,31.0979621252,11559167320.08,98.4868345979,51592669903.95,13794914414.17,18.4099381223,12006210896.84,35.3278057072,14011708220.99,31.5321710937,27.3123597535,26.2126777719,109.7791167758,78.6421141066,,,,,,,,,,,,,,,,,,,,,,,,,,,,,,,,,,,,,,,,,,
651,格力电器,2011-09-30 00:00:00,86918115687.92,6291617981.94,19909926827.14,0.9751269877,2032820536.25,81.6462281524,12957934390.52,83.5663516581,70067248137.46,15584160621.91,19.7371424968,22941187339.48,81.794590359,16850867550.46,33.0570158369,37.7085067137,38.8760932794,115.8110137855,80.612939642,3772549848.32,64074612708.61,61158359767.77,43.3535513894,44.648542235,52723001907.08,52723001907.08,50.0113022791,6371773537.68,1791317777.88,-242872484.3,2954120353.64,4658736839.16,852264911.09,,265680075.91,,6373105804.77,272.0131478343,41470718706.52,1770.0287871996,2811777965.07,120.0106508066,-1713750671.48,-73.1452966627,180424858.42,7.7007875265,3549363507.89,151.4918424651,-2227844548.54,-95.0875486926,1.34,,26.53,44.648542235,30.5346178388,5.715996926703,2.261659834786,17.3511875212,3.7896,22.9594,2011Q3
651,格力电器,2011-06-30 00:00:00,66262583172.02,6045894639.53,23118957392.75,-1.2289491006,2825380923.6,46.1994270139,12276802497.94,93.6338494394,50879184342.42,15518458141.01,36.6707610634,6545344160.49,42.3215757582,15383398829.6,36.4021606918,34.1916514174,33.5373377912,122.0115598515,76.7841848398,2207523014.15,40239204543.66,38691739151.77,58.1913700476,60.028219187,33847756763.07,33847756763.07,61.9707615985,3606784619.52,1059361569.77,-192205523.0,1544765743.08,2697177119.98,470949048.66,,161605906.02,,5648133846.94,133.2840985368,28657443359.19,676.2554868576,1808097324.26,42.6673001139,-399465855.9,-9.4265553797,75256987.17,1.7759068686,2163133485.53,51.0454079961,-948374559.19,-22.3796481497,0.78,0.78,16.29,60.028219187,40.3730090612,5.2,2.0,15.5107976084,32.9456,36.1685,2011Q2
